<ImportExportXml version="9.2.23014.178" SolutionPackageVersion="9.2" languagecode="1033" generatedBy="CrmLive" xmlns:xsi="http://www.w3.org/2001/XMLSchema-instance">
  <SolutionManifest>
    <UniqueName>PowerHappeningBase</UniqueName>
    <LocalizedNames>
      <LocalizedName description="Power Happening Base" languagecode="1033" />
    </LocalizedNames>
    <Descriptions />
    <Version>1.0.0.0</Version>
    <Managed>0</Managed>
    <Publisher>
      <UniqueName>PowerHappening</UniqueName>
      <LocalizedNames>
        <LocalizedName description="Power Happening" languagecode="1033" />
      </LocalizedNames>
      <Descriptions>
        <Description description="Power Happening" languagecode="1033" />
      </Descriptions>
      <EMailAddress xsi:nil="true"></EMailAddress>
      <SupportingWebsiteUrl xsi:nil="true"></SupportingWebsiteUrl>
      <CustomizationPrefix>poha</CustomizationPrefix>
      <CustomizationOptionValuePrefix>10000</CustomizationOptionValuePrefix>
      <Addresses>
        <Address>
          <AddressNumber>1</AddressNumber>
          <AddressTypeCode>1</AddressTypeCode>
          <City xsi:nil="true"></City>
          <County xsi:nil="true"></County>
          <Country xsi:nil="true"></Country>
          <Fax xsi:nil="true"></Fax>
          <FreightTermsCode xsi:nil="true"></FreightTermsCode>
          <ImportSequenceNumber xsi:nil="true"></ImportSequenceNumber>
          <Latitude xsi:nil="true"></Latitude>
          <Line1 xsi:nil="true"></Line1>
          <Line2 xsi:nil="true"></Line2>
          <Line3 xsi:nil="true"></Line3>
          <Longitude xsi:nil="true"></Longitude>
          <Name xsi:nil="true"></Name>
          <PostalCode xsi:nil="true"></PostalCode>
          <PostOfficeBox xsi:nil="true"></PostOfficeBox>
          <PrimaryContactName xsi:nil="true"></PrimaryContactName>
          <ShippingMethodCode>1</ShippingMethodCode>
          <StateOrProvince xsi:nil="true"></StateOrProvince>
          <Telephone1 xsi:nil="true"></Telephone1>
          <Telephone2 xsi:nil="true"></Telephone2>
          <Telephone3 xsi:nil="true"></Telephone3>
          <TimeZoneRuleVersionNumber xsi:nil="true"></TimeZoneRuleVersionNumber>
          <UPSZone xsi:nil="true"></UPSZone>
          <UTCOffset xsi:nil="true"></UTCOffset>
          <UTCConversionTimeZoneCode xsi:nil="true"></UTCConversionTimeZoneCode>
        </Address>
        <Address>
          <AddressNumber>2</AddressNumber>
          <AddressTypeCode>1</AddressTypeCode>
          <City xsi:nil="true"></City>
          <County xsi:nil="true"></County>
          <Country xsi:nil="true"></Country>
          <Fax xsi:nil="true"></Fax>
          <FreightTermsCode xsi:nil="true"></FreightTermsCode>
          <ImportSequenceNumber xsi:nil="true"></ImportSequenceNumber>
          <Latitude xsi:nil="true"></Latitude>
          <Line1 xsi:nil="true"></Line1>
          <Line2 xsi:nil="true"></Line2>
          <Line3 xsi:nil="true"></Line3>
          <Longitude xsi:nil="true"></Longitude>
          <Name xsi:nil="true"></Name>
          <PostalCode xsi:nil="true"></PostalCode>
          <PostOfficeBox xsi:nil="true"></PostOfficeBox>
          <PrimaryContactName xsi:nil="true"></PrimaryContactName>
          <ShippingMethodCode>1</ShippingMethodCode>
          <StateOrProvince xsi:nil="true"></StateOrProvince>
          <Telephone1 xsi:nil="true"></Telephone1>
          <Telephone2 xsi:nil="true"></Telephone2>
          <Telephone3 xsi:nil="true"></Telephone3>
          <TimeZoneRuleVersionNumber xsi:nil="true"></TimeZoneRuleVersionNumber>
          <UPSZone xsi:nil="true"></UPSZone>
          <UTCOffset xsi:nil="true"></UTCOffset>
          <UTCConversionTimeZoneCode xsi:nil="true"></UTCConversionTimeZoneCode>
        </Address>
      </Addresses>
    </Publisher>
    <RootComponents>
      <RootComponent type="1" schemaName="account" behavior="1" />
      <RootComponent type="1" schemaName="contact" behavior="1" />
      <RootComponent type="1" schemaName="poha_agenda" behavior="0" />
      <RootComponent type="1" schemaName="poha_event" behavior="0" />
      <RootComponent type="1" schemaName="poha_eventregistration" behavior="0" />
      <RootComponent type="1" schemaName="poha_eventschedule" behavior="0" />
      <RootComponent type="1" schemaName="poha_eventsponsors" behavior="0" />
      <RootComponent type="1" schemaName="poha_organizingteammember" behavior="0" />
      <RootComponent type="1" schemaName="poha_room" behavior="0" />
      <RootComponent type="1" schemaName="poha_session" behavior="0" />
      <RootComponent type="1" schemaName="poha_slots" behavior="0" />
      <RootComponent type="1" schemaName="systemuser" behavior="1" />
      <RootComponent type="9" schemaName="poha_accounttype" behavior="0" />
      <RootComponent type="9" schemaName="poha_eventscheduletype" behavior="0" />
      <RootComponent type="9" schemaName="poha_organizingteammemberroles" behavior="0" />
      <RootComponent type="9" schemaName="poha_pohaday" behavior="0" />
      <RootComponent type="9" schemaName="poha_pohaweek" behavior="0" />
      <RootComponent type="9" schemaName="poha_sessiontype" behavior="0" />
      <RootComponent type="9" schemaName="poha_sponsortypes" behavior="0" />
      <RootComponent type="61" schemaName="poha_calendar.svg" behavior="0" />
      <RootComponent type="61" schemaName="poha_conference.svg" behavior="0" />
      <RootComponent type="61" schemaName="poha_conferencesession.svg" behavior="0" />
      <RootComponent type="61" schemaName="poha_donation.svg" behavior="0" />
      <RootComponent type="61" schemaName="poha_meeting-room.svg" behavior="0" />
      <RootComponent type="61" schemaName="poha_online-registration.svg" behavior="0" />
      <RootComponent type="61" schemaName="poha_redcarpet.svg" behavior="0" />
      <RootComponent type="61" schemaName="poha_scheduleslots.svg" behavior="0" />
      <RootComponent type="61" schemaName="poha_speaker.svg" behavior="0" />
      <RootComponent type="61" schemaName="poha_teamwork.svg" behavior="0" />
      <RootComponent type="61" schemaName="poha_Venue.svg" behavior="0" />
      <RootComponent type="62" schemaName="poha_PowerHappening" behavior="0" />
      <RootComponent type="80" schemaName="poha_PowerHappening" behavior="0" />
      <RootComponent type="300" schemaName="poha_agenda_a19f3" behavior="0" />
      <RootComponent type="431" schemaName="poha_room poha_image" behavior="0" />
      <RootComponent type="432" schemaName="poha_room" behavior="0" />
    </RootComponents>
    <MissingDependencies>
      <MissingDependency>
        <Required type="1" schemaName="aaduser" displayName="AAD User" solution="MetadataExtension (1.0.2.29)" />
        <Dependent type="60" displayName="Poha Contact" parentDisplayName="Contact" id="{97b4f805-c177-ed11-81ab-000d3a4bbc4c}" />
      </MissingDependency>
      <MissingDependency>
        <Required type="26" schemaName="All AAD users" displayName="All AAD users" parentSchemaName="aaduser" parentDisplayName="AAD User" solution="MetadataExtension (1.0.2.29)" id="{1f1810e2-2903-402f-92bc-db11ec075c24}" />
        <Dependent type="60" displayName="Poha Contact" parentDisplayName="Contact" id="{97b4f805-c177-ed11-81ab-000d3a4bbc4c}" />
      </MissingDependency>
      <MissingDependency>
        <Required type="26" schemaName="All Accounts" displayName="All Accounts" parentSchemaName="account" parentDisplayName="Account" solution="msdynce_AppCommon (9.0.4.0066)" id="{65ffaf9a-e8c5-432d-860b-32f841b00d87}">
          <package>msdynce_AppCommonAnchor (9.0.23012.10001)</package>
        </Required>
        <Dependent type="60" displayName="Information" parentDisplayName="Event" id="{8402f96c-8651-48fa-891b-e3679d60e72c}" />
      </MissingDependency>
      <MissingDependency>
        <Required type="26" schemaName="All Accounts" displayName="All Accounts" parentSchemaName="account" parentDisplayName="Account" solution="msdynce_AppCommon (9.0.4.0066)" id="{65ffaf9a-e8c5-432d-860b-32f841b00d87}">
          <package>msdynce_AppCommonAnchor (9.0.23012.10001)</package>
        </Required>
        <Dependent type="60" displayName="Information" parentDisplayName="Room" id="{bf5582d5-a64d-48be-b538-28d0dd678252}" />
      </MissingDependency>
      <MissingDependency>
        <Required type="60" displayName="account contact card" parentDisplayName="Contact" solution="msdynce_AppCommon (9.0.4.0066)" id="{29de27bc-a257-4f29-99cf-bab4a84e688f}">
          <package>msdynce_AppCommonAnchor (9.0.23012.10001)</package>
        </Required>
        <Dependent type="60" displayName="Poha Account" parentDisplayName="Account" id="{9f73850e-c077-ed11-81ab-000d3a4bbc4c}" />
      </MissingDependency>
      <MissingDependency>
        <Required type="66" schemaName="cat_PowerCAT.Spinner" displayName="cat_PowerCAT.Spinner" solution="CreatorKitCore (1.0.20221205.2)" />
        <Dependent type="300" schemaName="poha_agenda_a19f3" displayName="Agenda" />
      </MissingDependency>
      <MissingDependency>
        <Required type="66" schemaName="MscrmControls.CardFeedContainer.CardFeedContainer" displayName="MscrmControls.CardFeedContainer.CardFeedContainer" solution="BaseCustomControlsCore (9.0.2301.4012)" />
        <Dependent type="60" displayName="Poha Account" parentDisplayName="Account" id="{9f73850e-c077-ed11-81ab-000d3a4bbc4c}" />
      </MissingDependency>
      <MissingDependency>
        <Required type="66" schemaName="MscrmControls.Grid.GridControl" displayName="MscrmControls.Grid.GridControl" solution="BaseCustomControlsCore (9.0.2301.4012)" />
        <Dependent type="60" displayName="Poha Account" parentDisplayName="Account" id="{9f73850e-c077-ed11-81ab-000d3a4bbc4c}" />
      </MissingDependency>
      <MissingDependency>
        <Required type="66" schemaName="pdd_CustomControl.PowerDragDrop" displayName="pdd_CustomControl.PowerDragDrop" solution="PowerDragDrop (1.0.24.0)" />
        <Dependent type="300" schemaName="poha_agenda_a19f3" displayName="Agenda" />
      </MissingDependency>
    </MissingDependencies>
  </SolutionManifest>
</ImportExportXml>